X1,count
0,491
),155
>,120
alert(,113
</script>,99
<script>,83
string.fromcharcode(,37
http://u,15
document.cookie,15
xss,10
'0ssi0_tr',8
q=,8
turk,8
x,8
search=,7
src=,7
<imgsrc,6
<img,6
title=,5
the,5
best,5
'xss',5
xsser,5
query=,5
0ff,4
n=,4
</style>,4
from=,4
id=,4
""xss"",4
action=,4
</h0>,3
<iframe,3
null,3
</a>,3
by,3
onerror=,3
ara=,3
y,3
search,3
arham,3
true,3
main.wikisandbox,3
cat=,2
x0,2
<marquee>,2
subcatid=,2
s=,2
<bodyonload,2
searchterm=,2
keywords=,2
<script,2
y=,2
</iframe>,2
atm0n0r,2
</marquee>,2
a,2
all,2
referer0=,2
<h0>,2
x=,2
address.com,1
back=,1
globale,1
'x',1
visibility=,1
searchfor=,1
javascript,1
ajax_fill_city_state,1
poll_ident=,1
onload=,1
<blink>,1
as_nickname=,1
numboro,1
<strong>,1
err=,1
artist_id=,1
muhammad,1
hata=,1
simplesearchfor=,1
viewid=,1
document.body.innerhtml,1
ntt=,1
topic=,1
country0=,1
'raven',1
language=,1
page=,1
redirect=,1
last=,1
kl_main,1
segmento=,1
document.domain,1
ref,1
media,1
index.cfm,1
date_operation=,1
qry=,1
js=,1
jobcode=,1
landing=,1
settings0,1
medicare,1
test,1
""daimon"",1
sortorder=,1
keyword=,1
link=,1
gfnt,1
ust_id=,1
tr=,1
soso.com,1
lc,1
libcms,1
ajax_json=,1
num=,1
aoid=,1
hacked,1
joblocationcodeid=,1
list,1
alc,1
""xssed"",1
boys,1
user=,1
0bd0a0ab0d0b0cd0b0f0aebf0f0ade0f0b0a0a0b0b0e0f0b0b0b0e0c0fcd0a0e0ccbde0f0fe0e0f0ef0fffd0c0a0fa0c0cd0cb0a0ea0ccb0c0d0bc0d0dc0ead0b0d0a0e0f0a0d0b0f0c0c0bde0fb0c0ea0a0da0dd0d0c0c0a0cbaca0e0ec0d0e0bea0b0bc0c0ace0a0c0f0be0ecf0cf0a0cc0dd0d0d0b0c0afe0df0ff0ffdf0db0b0ceb0fc0a0da0ffb0b0de0fe0aed0beba0ce0d0dcc0b0ffca0cd0c,1
d0d0d0,1
email,1
job,1
friends_email=,1
offset=,1
contentid=,1
search.x,1
results,1
""crosssitescripting0"",1
issue=,1
error=,1
worksinchrome,1
</blink>,1
m0ke,1
hush_username=,1
pavilion,1
meeh,1
v=,1
client=,1
underground,1
hp,1
kh=,1
jobcategorycodeid=,1
username=,1
div,1
galt,1
tqmhak=,1
computer_store,1
brand,1
xssed,1
format=,1
qu=,1
turkey,1
displaymode=,1
targetlevels=,1
<body,1
tr,1
p,1
center,1
v0=,1
de,1
xmflg=,1
nty=,1
com_wdshop,1
inst=,1
as_pcia_id=,1
certified_usr,1
autobounce=,1
go,1
aexcel,1
lsi=,1
burc=,1
siteid=,1
restrict=,1
asdf,1
value_0=,1
active,1
""xss_darktoxic"",1
go=,1
querytext=,1
pub,1
template=,1
search.y,1
as_qdr=,1
arena,1
ca=,1
ct=,1
navigator.useragent,1
from,1
desktops,1
forid,1
</strong>,1
all_comments,1
divisions=,1
channel=,1
jobproductcodeid=,1
colon,1
l_id=,1
0c0fae,1
eval(,1
k,1
</title>,1
wt.svl,1
site=,1
searchtext,1
cof=,1
site_id=,1
noreg=,1
photobucket.com,1
npcmj0xllfo,1
mess=,1
returnurl=,1
alias=,1
strkey=,1
hidden,1
lang_de_gbw,1
cmetadata=,1
fn=,1
bgc,1
arman,1
ct0_sol_cat_wireless,1
mode=,1
kl_store,1
prompt,1
collections=,1
t,1
template_type=,1
html,1
0zzzzzzzzzz,1
userinfo,1
pname=,1
lr=,1
nr=,1
interval=,1
nullaaa,1
src,1
vijayendra,1
<h0,1
ires,1
loc=,1
_lang=,1
redworm,1
field_0=,1
s,1
survey=,1
vulnerable,1
hexspirit,1
turka,1
prodid=,1
manageralias=,1
sid=,1
email=,1
daimon,1
string=,1
as_filtro_id=,1
""cyb0r_pr0dat0r"",1
cola,1
mots_cles=,1
pnro_l0,1
id_secteur_activite=,1
categoryview,1
stylesheet=,1
str=,1
ln=,1
hl=,1
safe=,1
command=,1
bentley,1
search...,1
searchconfiguration=,1
kelime=,1
abbrevate=,1
view=,1
main=,1
formgen,1
mtd=,1
gimp,1
share_message=,1
domains=,1
netid=,1
ne,1
fromcp=,1
chercher,1
product=,1
a0=,1
fromurl=,1
j=,1
ql=,1
en_us,1
ffffff,1
rhammuhammad,1
ct_orig_url=,1
zip=,1
forum,1
digital,1
